ambiguous,appLaunched,artistFiltered,attempts,baselineHasSession,baselineStatus,baselineTitle,candidateCount,clickMs,clickRecomputed,e2eMs,firstCandidateFailedButPlayed,index,innerE2eMs,matchedRow,mode,navigateMs,ok,pickedByPosition,realizeMs,round,sawPlaying,sawPlayingWrong,searchMs,settleMs,shot,smtcArtist,smtcMs,smtcPosMs,smtcStatus,smtcTitle,songArtist,songId,songTitle,stage,stageDetail,stageHistory,triedCandidates,ts,tsMs,windowRestored,wrongTitles
"False","False","False","1","True","Paused","Shape of You","1","728","False","3089","False","1","2980","音轨 3 How Do I Make You Love Me? 3 分钟，34 秒钟","deeplink","0","True","False","36","1","True","False","0","1071","","Abel Tesfaye — Dawn FM","153","0","Playing","How Do I Make You Love Me?","Abel Tesfaye","A","How Do I Make You Love Me?","OK","","OK","音轨 3 How Do I Make You Love Me? 3 分钟，34 秒钟","2026-09-25T10:57:58.5134456Z","1790305078513","True",""
"False","False","False","1","True","Paused","How Do I Make You Love Me?","1","721","False","2694","False","2","2686","音轨 3 晴天 4 分钟，30 秒钟","deeplink","0","True","False","1","1","True","False","0","976","","周杰伦 — 叶惠美","144","0","Playing","晴天","周杰倫","B","晴天","OK","","OK","音轨 3 晴天 4 分钟，30 秒钟","2026-09-25T10:58:01.5699694Z","1790305081570","True",""
"False","False","False","1","True","Paused","晴天","1","698","False","2612","False","3","2605","音轨 4 Shape of You 3 分钟，54 秒钟","deeplink","0","True","False","0","1","True","False","0","927","","Ed Sheeran — ÷ (Deluxe)","141","0","Playing","Shape of You","Ed Sheeran","C","Shape of You","OK","","OK","音轨 4 Shape of You 3 分钟，54 秒钟","2026-09-25T10:58:04.5080664Z","1790305084508","True",""
"False","False","False","1","True","Paused","Shape of You","1","734","False","2664","False","4","2656","音轨 3 How Do I Make You Love Me? 3 分钟，34 秒钟","deeplink","0","True","False","6","2","True","False","0","936","","Abel Tesfaye — Dawn FM","136","0","Playing","How Do I Make You Love Me?","Abel Tesfaye","A","How Do I Make You Love Me?","OK","","OK","音轨 3 How Do I Make You Love Me? 3 分钟，34 秒钟","2026-09-25T10:58:07.4907614Z","1790305087491","True",""
"False","False","False","1","True","Paused","How Do I Make You Love Me?","1","712","False","2642","False","5","2636","音轨 3 晴天 4 分钟，30 秒钟","deeplink","0","True","False","1","2","True","False","0","945","","周杰伦 — 叶惠美","141","0","Playing","晴天","周杰倫","B","晴天","OK","","OK","音轨 3 晴天 4 分钟，30 秒钟","2026-09-25T10:58:10.4534046Z","1790305090453","True",""
"False","False","False","1","True","Paused","晴天","1","733","False","2650","False","6","2641","音轨 4 Shape of You 3 分钟，54 秒钟","deeplink","0","True","False","0","2","True","False","0","936","","Ed Sheeran — ÷ (Deluxe)","136","0","Playing","Shape of You","Ed Sheeran","C","Shape of You","OK","","OK","音轨 4 Shape of You 3 分钟，54 秒钟","2026-09-25T10:58:13.4252869Z","1790305093425","True",""
"False","False","False","1","True","Paused","Shape of You","1","705","True","3328","False","7","3319","音轨 3 How Do I Make You Love Me? 3 分钟，34 秒钟","deeplink","0","True","False","1","3","True","False","0","1634","","Abel Tesfaye — Dawn FM","141","0","Playing","How Do I Make You Love Me?","Abel Tesfaye","A","How Do I Make You Love Me?","OK","","OK","音轨 3 How Do I Make You Love Me? 3 分钟，34 秒钟","2026-09-25T10:58:17.0730375Z","1790305097073","True",""
"False","False","False","1","True","Paused","How Do I Make You Love Me?","1","708","False","3152","False","8","3145","音轨 3 晴天 4 分钟，30 秒钟","deeplink","0","True","False","0","3","True","False","0","1445","","周杰伦 — 叶惠美","136","0","Playing","晴天","周杰倫","B","晴天","OK","","OK","音轨 3 晴天 4 分钟，30 秒钟","2026-09-25T10:58:20.5403735Z","1790305100540","True",""
"False","False","False","1","True","Paused","晴天","1","745","False","3380","False","9","3372","音轨 4 Shape of You 3 分钟，54 秒钟","deeplink","0","True","False","0","3","True","False","0","1655","","Ed Sheeran — ÷ (Deluxe)","136","0","Playing","Shape of You","Ed Sheeran","C","Shape of You","OK","","OK","音轨 4 Shape of You 3 分钟，54 秒钟","2026-09-25T10:58:24.2364738Z","1790305104236","True",""
"False","False","False","1","True","Paused","Shape of You","1","713","False","2666","False","10","2656","音轨 3 How Do I Make You Love Me? 3 分钟，34 秒钟","deeplink","0","True","False","0","4","True","False","0","954","","Abel Tesfaye — Dawn FM","144","0","Playing","How Do I Make You Love Me?","Abel Tesfaye","A","How Do I Make You Love Me?","OK","","OK","音轨 3 How Do I Make You Love Me? 3 分钟，34 秒钟","2026-09-25T10:58:27.2210397Z","1790305107221","True",""
"False","False","False","1","True","Paused","How Do I Make You Love Me?","1","721","False","2697","False","11","2689","音轨 3 晴天 4 分钟，30 秒钟","deeplink","0","True","False","0","4","True","False","0","988","","周杰伦 — 叶惠美","143","0","Playing","晴天","周杰倫","B","晴天","OK","","OK","音轨 3 晴天 4 分钟，30 秒钟","2026-09-25T10:58:30.2321812Z","1790305110232","True",""
"False","False","False","1","True","Paused","晴天","1","700","False","2655","False","12","2647","音轨 4 Shape of You 3 分钟，54 秒钟","deeplink","0","True","False","0","4","True","False","0","962","","Ed Sheeran — ÷ (Deluxe)","143","0","Playing","Shape of You","Ed Sheeran","C","Shape of You","OK","","OK","音轨 4 Shape of You 3 分钟，54 秒钟","2026-09-25T10:58:33.1895752Z","1790305113190","True",""
"False","False","False","1","True","Paused","Shape of You","1","700","False","2633","False","13","2625","音轨 3 How Do I Make You Love Me? 3 分钟，34 秒钟","deeplink","0","True","False","3","5","True","False","0","949","","Abel Tesfaye — Dawn FM","140","0","Playing","How Do I Make You Love Me?","Abel Tesfaye","A","How Do I Make You Love Me?","OK","","OK","音轨 3 How Do I Make You Love Me? 3 分钟，34 秒钟","2026-09-25T10:58:36.1502285Z","1790305116150","True",""
"False","False","False","1","True","Paused","How Do I Make You Love Me?","1","720","False","2660","False","14","2649","音轨 3 晴天 4 分钟，30 秒钟","deeplink","0","True","False","4","5","True","False","0","950","","周杰伦 — 叶惠美","135","0","Playing","晴天","周杰倫","B","晴天","OK","","OK","音轨 3 晴天 4 分钟，30 秒钟","2026-09-25T10:58:39.1267962Z","1790305119127","True",""
"False","False","False","1","True","Paused","晴天","1","709","False","2656","False","15","2649","音轨 4 Shape of You 3 分钟，54 秒钟","deeplink","0","True","False","2","5","True","False","0","947","","Ed Sheeran — ÷ (Deluxe)","141","0","Playing","Shape of You","Ed Sheeran","C","Shape of You","OK","","OK","音轨 4 Shape of You 3 分钟，54 秒钟","2026-09-25T10:58:42.1033060Z","1790305122103","True",""
"False","False","False","1","True","Paused","Shape of You","1","717","False","2671","False","16","2660","音轨 3 How Do I Make You Love Me? 3 分钟，34 秒钟","deeplink","0","True","False","0","6","True","False","0","964","","Abel Tesfaye — Dawn FM","142","0","Playing","How Do I Make You Love Me?","Abel Tesfaye","A","How Do I Make You Love Me?","OK","","OK","音轨 3 How Do I Make You Love Me? 3 分钟，34 秒钟","2026-09-25T10:58:45.0912961Z","1790305125091","True",""
"False","False","False","1","True","Paused","How Do I Make You Love Me?","1","695","False","2662","False","17","2652","音轨 3 晴天 4 分钟，30 秒钟","deeplink","0","True","False","0","6","True","False","0","962","","周杰伦 — 叶惠美","145","0","Playing","晴天","周杰倫","B","晴天","OK","","OK","音轨 3 晴天 4 分钟，30 秒钟","2026-09-25T10:58:48.0582793Z","1790305128058","True",""
"False","False","False","1","True","Paused","晴天","1","719","False","2642","False","18","2636","音轨 4 Shape of You 3 分钟，54 秒钟","deeplink","0","True","False","0","6","True","False","0","931","","Ed Sheeran — ÷ (Deluxe)","137","0","Playing","Shape of You","Ed Sheeran","C","Shape of You","OK","","OK","音轨 4 Shape of You 3 分钟，54 秒钟","2026-09-25T10:58:51.0141786Z","1790305131014","True",""
"False","False","False","1","True","Paused","Shape of You","1","711","False","2631","False","19","2623","音轨 3 How Do I Make You Love Me? 3 分钟，34 秒钟","deeplink","0","True","False","0","7","True","False","0","933","","Abel Tesfaye — Dawn FM","142","0","Playing","How Do I Make You Love Me?","Abel Tesfaye","A","How Do I Make You Love Me?","OK","","OK","音轨 3 How Do I Make You Love Me? 3 分钟，34 秒钟","2026-09-25T10:58:53.9530833Z","1790305133953","True",""
"False","False","False","1","True","Paused","How Do I Make You Love Me?","1","719","False","2662","False","20","2653","音轨 3 晴天 4 分钟，30 秒钟","deeplink","0","True","False","1","7","True","False","0","951","","周杰伦 — 叶惠美","143","0","Playing","晴天","周杰倫","B","晴天","OK","","OK","音轨 3 晴天 4 分钟，30 秒钟","2026-09-25T10:58:56.9169948Z","1790305136917","True",""
"False","False","False","1","True","Paused","晴天","1","726","False","2652","False","21","2640","音轨 4 Shape of You 3 分钟，54 秒钟","deeplink","0","True","False","0","7","True","False","0","941","","Ed Sheeran — ÷ (Deluxe)","141","0","Playing","Shape of You","Ed Sheeran","C","Shape of You","OK","","OK","音轨 4 Shape of You 3 分钟，54 秒钟","2026-09-25T10:58:59.8847250Z","1790305139885","True",""
"False","False","False","1","True","Paused","Shape of You","1","725","False","2681","False","22","2672","音轨 3 How Do I Make You Love Me? 3 分钟，34 秒钟","deeplink","0","True","False","0","8","True","False","0","960","","Abel Tesfaye — Dawn FM","144","0","Playing","How Do I Make You Love Me?","Abel Tesfaye","A","How Do I Make You Love Me?","OK","","OK","音轨 3 How Do I Make You Love Me? 3 分钟，34 秒钟","2026-09-25T10:59:02.8825978Z","1790305142883","True",""
"False","False","False","1","True","Paused","How Do I Make You Love Me?","1","713","False","2670","False","23","2661","音轨 3 晴天 4 分钟，30 秒钟","deeplink","0","True","False","0","8","True","False","0","967","","周杰伦 — 叶惠美","141","0","Playing","晴天","周杰倫","B","晴天","OK","","OK","音轨 3 晴天 4 分钟，30 秒钟","2026-09-25T10:59:05.8596413Z","1790305145860","True",""
"False","False","False","1","True","Paused","晴天","1","709","False","2621","False","24","2612","音轨 4 Shape of You 3 分钟，54 秒钟","deeplink","0","True","False","0","8","True","False","0","930","","Ed Sheeran — ÷ (Deluxe)","137","0","Playing","Shape of You","Ed Sheeran","C","Shape of You","OK","","OK","音轨 4 Shape of You 3 分钟，54 秒钟","2026-09-25T10:59:08.8018101Z","1790305148803","True",""
"False","False","False","1","True","Paused","Shape of You","1","705","False","2660","False","25","2651","音轨 3 How Do I Make You Love Me? 3 分钟，34 秒钟","deeplink","0","True","False","0","9","True","False","0","956","","Abel Tesfaye — Dawn FM","151","0","Playing","How Do I Make You Love Me?","Abel Tesfaye","A","How Do I Make You Love Me?","OK","","OK","音轨 3 How Do I Make You Love Me? 3 分钟，34 秒钟","2026-09-25T10:59:11.7730654Z","1790305151773","True",""
"False","False","False","1","True","Paused","How Do I Make You Love Me?","1","708","False","2667","False","26","2659","音轨 3 晴天 4 分钟，30 秒钟","deeplink","0","True","False","0","9","True","False","0","968","","周杰伦 — 叶惠美","141","0","Playing","晴天","周杰倫","B","晴天","OK","","OK","音轨 3 晴天 4 分钟，30 秒钟","2026-09-25T10:59:14.7522846Z","1790305154752","True",""
"False","False","False","1","True","Paused","晴天","1","701","False","2646","False","27","2637","音轨 4 Shape of You 3 分钟，54 秒钟","deeplink","0","True","False","0","9","True","False","0","961","","Ed Sheeran — ÷ (Deluxe)","140","0","Playing","Shape of You","Ed Sheeran","C","Shape of You","OK","","OK","音轨 4 Shape of You 3 分钟，54 秒钟","2026-09-25T10:59:17.7148340Z","1790305157715","True",""
"False","False","False","1","True","Paused","Shape of You","1","729","True","3423","False","28","3412","音轨 3 How Do I Make You Love Me? 3 分钟，34 秒钟","deeplink","0","True","False","0","10","True","False","0","1714","","Abel Tesfaye — Dawn FM","141","0","Playing","How Do I Make You Love Me?","Abel Tesfaye","A","How Do I Make You Love Me?","OK","","OK","音轨 3 How Do I Make You Love Me? 3 分钟，34 秒钟","2026-09-25T10:59:21.4551662Z","1790305161455","True",""
"False","False","False","1","True","Paused","How Do I Make You Love Me?","1","712","False","3772","False","29","3764","音轨 3 晴天 4 分钟，30 秒钟","deeplink","0","True","False","0","10","True","False","0","2074","","周杰伦 — 叶惠美","141","0","Playing","晴天","周杰倫","B","晴天","OK","","OK","音轨 3 晴天 4 分钟，30 秒钟","2026-09-25T10:59:25.5463562Z","1790305165546","True",""
"False","False","False","1","True","Paused","晴天","1","712","False","3340","False","30","3333","音轨 4 Shape of You 3 分钟，54 秒钟","deeplink","0","True","False","0","10","True","False","0","1634","","Ed Sheeran — ÷ (Deluxe)","142","0","Playing","Shape of You","Ed Sheeran","C","Shape of You","OK","","OK","音轨 4 Shape of You 3 分钟，54 秒钟","2026-09-25T10:59:29.1901258Z","1790305169190","True",""
"False","False","False","1","True","Paused","Shape of You","1","708","False","2646","False","31","2637","音轨 3 How Do I Make You Love Me? 3 分钟，34 秒钟","deeplink","0","True","False","0","11","True","False","0","949","","Abel Tesfaye — Dawn FM","141","0","Playing","How Do I Make You Love Me?","Abel Tesfaye","A","How Do I Make You Love Me?","OK","","OK","音轨 3 How Do I Make You Love Me? 3 分钟，34 秒钟","2026-09-25T10:59:32.1515145Z","1790305172152","True",""
"False","False","False","1","True","Paused","How Do I Make You Love Me?","1","744","False","2676","False","32","2670","音轨 3 晴天 4 分钟，30 秒钟","deeplink","0","True","False","0","11","True","False","0","941","","周杰伦 — 叶惠美","141","0","Playing","晴天","周杰倫","B","晴天","OK","","OK","音轨 3 晴天 4 分钟，30 秒钟","2026-09-25T10:59:35.1455371Z","1790305175146","True",""
"False","False","False","1","True","Paused","晴天","1","717","False","2648","False","33","2639","音轨 4 Shape of You 3 分钟，54 秒钟","deeplink","0","True","False","1","11","True","False","0","943","","Ed Sheeran — ÷ (Deluxe)","142","0","Playing","Shape of You","Ed Sheeran","C","Shape of You","OK","","OK","音轨 4 Shape of You 3 分钟，54 秒钟","2026-09-25T10:59:38.1107131Z","1790305178111","True",""
"False","False","False","1","True","Paused","Shape of You","1","709","False","2650","False","34","2643","音轨 3 How Do I Make You Love Me? 3 分钟，34 秒钟","deeplink","0","True","False","0","12","True","False","0","954","","Abel Tesfaye — Dawn FM","139","0","Playing","How Do I Make You Love Me?","Abel Tesfaye","A","How Do I Make You Love Me?","OK","","OK","音轨 3 How Do I Make You Love Me? 3 分钟，34 秒钟","2026-09-25T10:59:41.0772082Z","1790305181077","True",""
"False","False","False","1","True","Paused","How Do I Make You Love Me?","1","733","False","2673","False","35","2666","音轨 3 晴天 4 分钟，30 秒钟","deeplink","0","True","False","0","12","True","False","0","955","","周杰伦 — 叶惠美","141","0","Playing","晴天","周杰倫","B","晴天","OK","","OK","音轨 3 晴天 4 分钟，30 秒钟","2026-09-25T10:59:44.0671742Z","1790305184067","True",""
"False","False","False","1","True","Paused","晴天","1","707","False","2640","False","36","2631","音轨 4 Shape of You 3 分钟，54 秒钟","deeplink","0","True","False","0","12","True","False","0","941","","Ed Sheeran — ÷ (Deluxe)","139","0","Playing","Shape of You","Ed Sheeran","C","Shape of You","OK","","OK","音轨 4 Shape of You 3 分钟，54 秒钟","2026-09-25T10:59:47.0222314Z","1790305187022","True",""
"False","False","False","1","True","Paused","Shape of You","1","726","False","2683","False","37","2675","音轨 3 How Do I Make You Love Me? 3 分钟，34 秒钟","deeplink","0","True","False","0","13","True","False","0","954","","Abel Tesfaye — Dawn FM","143","0","Playing","How Do I Make You Love Me?","Abel Tesfaye","A","How Do I Make You Love Me?","OK","","OK","音轨 3 How Do I Make You Love Me? 3 分钟，34 秒钟","2026-09-25T10:59:50.0197603Z","1790305190020","True",""
"False","False","False","1","True","Paused","How Do I Make You Love Me?","1","726","False","2672","False","38","2664","音轨 3 晴天 4 分钟，30 秒钟","deeplink","0","True","False","0","13","True","False","0","963","","周杰伦 — 叶惠美","137","0","Playing","晴天","周杰倫","B","晴天","OK","","OK","音轨 3 晴天 4 分钟，30 秒钟","2026-09-25T10:59:53.0088512Z","1790305193009","True",""
"False","False","False","1","True","Paused","晴天","1","738","False","2650","False","39","2643","音轨 4 Shape of You 3 分钟，54 秒钟","deeplink","0","True","False","0","13","True","False","0","926","","Ed Sheeran — ÷ (Deluxe)","140","0","Playing","Shape of You","Ed Sheeran","C","Shape of You","OK","","OK","音轨 4 Shape of You 3 分钟，54 秒钟","2026-09-25T10:59:55.9756299Z","1790305195976","True",""
"False","False","False","1","True","Paused","Shape of You","1","704","False","2629","False","40","2620","音轨 3 How Do I Make You Love Me? 3 分钟，34 秒钟","deeplink","0","True","False","0","14","True","False","0","924","","Abel Tesfaye — Dawn FM","138","0","Playing","How Do I Make You Love Me?","Abel Tesfaye","A","How Do I Make You Love Me?","OK","","OK","音轨 3 How Do I Make You Love Me? 3 分钟，34 秒钟","2026-09-25T10:59:58.9179463Z","1790305198918","True",""
"False","False","False","1","True","Paused","How Do I Make You Love Me?","1","713","False","2641","False","41","2633","音轨 3 晴天 4 分钟，30 秒钟","deeplink","0","True","False","0","14","True","False","0","947","","周杰伦 — 叶惠美","138","0","Playing","晴天","周杰倫","B","晴天","OK","","OK","音轨 3 晴天 4 分钟，30 秒钟","2026-09-25T11:00:01.8644675Z","1790305201864","True",""
"False","False","False","1","True","Paused","晴天","1","719","False","2647","False","42","2639","音轨 4 Shape of You 3 分钟，54 秒钟","deeplink","0","True","False","0","14","True","False","0","944","","Ed Sheeran — ÷ (Deluxe)","142","0","Playing","Shape of You","Ed Sheeran","C","Shape of You","OK","","OK","音轨 4 Shape of You 3 分钟，54 秒钟","2026-09-25T11:00:04.8324535Z","1790305204832","True",""
"False","False","False","1","True","Paused","Shape of You","1","700","False","2612","False","43","2604","音轨 3 How Do I Make You Love Me? 3 分钟，34 秒钟","deeplink","0","True","False","0","15","True","False","0","936","","Abel Tesfaye — Dawn FM","139","0","Playing","How Do I Make You Love Me?","Abel Tesfaye","A","How Do I Make You Love Me?","OK","","OK","音轨 3 How Do I Make You Love Me? 3 分钟，34 秒钟","2026-09-25T11:00:07.7625075Z","1790305207763","True",""
"False","False","False","1","True","Paused","How Do I Make You Love Me?","1","713","False","2694","False","44","2687","音轨 3 晴天 4 分钟，30 秒钟","deeplink","0","True","False","0","15","True","False","0","998","","周杰伦 — 叶惠美","138","0","Playing","晴天","周杰倫","B","晴天","OK","","OK","音轨 3 晴天 4 分钟，30 秒钟","2026-09-25T11:00:10.7743733Z","1790305210774","True",""
"False","False","False","1","True","Paused","晴天","1","718","False","2665","False","45","2656","音轨 4 Shape of You 3 分钟，54 秒钟","deeplink","0","True","False","0","15","True","False","0","945","","Ed Sheeran — ÷ (Deluxe)","144","0","Playing","Shape of You","Ed Sheeran","C","Shape of You","OK","","OK","音轨 4 Shape of You 3 分钟，54 秒钟","2026-09-25T11:00:13.7544812Z","1790305213754","True",""
"False","False","False","1","True","Paused","Shape of You","1","712","False","2638","False","46","2631","音轨 3 How Do I Make You Love Me? 3 分钟，34 秒钟","deeplink","0","True","False","1","16","True","False","0","939","","Abel Tesfaye — Dawn FM","137","0","Playing","How Do I Make You Love Me?","Abel Tesfaye","A","How Do I Make You Love Me?","OK","","OK","音轨 3 How Do I Make You Love Me? 3 分钟，34 秒钟","2026-09-25T11:00:16.7118851Z","1790305216712","True",""
"False","False","False","1","True","Paused","How Do I Make You Love Me?","1","736","False","2712","False","47","2706","音轨 3 晴天 4 分钟，30 秒钟","deeplink","0","True","False","0","16","True","False","0","984","","周杰伦 — 叶惠美","141","0","Playing","晴天","周杰倫","B","晴天","OK","","OK","音轨 3 晴天 4 分钟，30 秒钟","2026-09-25T11:00:19.7414707Z","1790305219741","True",""
"False","False","False","1","True","Paused","晴天","1","727","False","2713","False","48","2702","音轨 4 Shape of You 3 分钟，54 秒钟","deeplink","0","True","False","0","16","True","False","0","991","","Ed Sheeran — ÷ (Deluxe)","137","0","Playing","Shape of You","Ed Sheeran","C","Shape of You","OK","","OK","音轨 4 Shape of You 3 分钟，54 秒钟","2026-09-25T11:00:22.7677907Z","1790305222768","True",""
"False","False","False","1","True","Paused","Shape of You","1","709","True","3445","False","49","3438","音轨 3 How Do I Make You Love Me? 3 分钟，34 秒钟","deeplink","0","True","False","0","17","True","False","0","1743","","Abel Tesfaye — Dawn FM","143","0","Playing","How Do I Make You Love Me?","Abel Tesfaye","A","How Do I Make You Love Me?","OK","","OK","音轨 3 How Do I Make You Love Me? 3 分钟，34 秒钟","2026-09-25T11:00:26.5300518Z","1790305226530","True",""
"False","False","False","1","True","Paused","How Do I Make You Love Me?","1","724","True","3231","False","50","3221","音轨 3 晴天 4 分钟，30 秒钟","deeplink","0","True","False","0","17","True","False","0","1509","","周杰伦 — 叶惠美","139","0","Playing","晴天","周杰倫","B","晴天","OK","","OK","音轨 3 晴天 4 分钟，30 秒钟","2026-09-25T11:00:30.0652256Z","1790305230065","True",""
"False","False","False","1","True","Paused","晴天","1","711","True","3082","False","51","3075","音轨 4 Shape of You 3 分钟，54 秒钟","deeplink","0","True","False","0","17","True","False","0","1389","","Ed Sheeran — ÷ (Deluxe)","137","0","Playing","Shape of You","Ed Sheeran","C","Shape of You","OK","","OK","音轨 4 Shape of You 3 分钟，54 秒钟","2026-09-25T11:00:33.4642730Z","1790305233464","True",""
"False","False","False","1","True","Paused","Shape of You","1","708","False","2637","False","52","2629","音轨 3 How Do I Make You Love Me? 3 分钟，34 秒钟","deeplink","0","True","False","0","18","True","False","0","937","","Abel Tesfaye — Dawn FM","142","0","Playing","How Do I Make You Love Me?","Abel Tesfaye","A","How Do I Make You Love Me?","OK","","OK","音轨 3 How Do I Make You Love Me? 3 分钟，34 秒钟","2026-09-25T11:00:36.4081058Z","1790305236408","True",""
"False","False","False","1","True","Paused","How Do I Make You Love Me?","1","699","False","2666","False","53","2658","音轨 3 晴天 4 分钟，30 秒钟","deeplink","0","True","False","0","18","True","False","0","953","","周杰伦 — 叶惠美","144","0","Playing","晴天","周杰倫","B","晴天","OK","","OK","音轨 3 晴天 4 分钟，30 秒钟","2026-09-25T11:00:39.3926546Z","1790305239393","True",""
"False","False","False","1","True","Paused","晴天","1","706","False","2640","False","54","2627","音轨 4 Shape of You 3 分钟，54 秒钟","deeplink","0","True","False","3","18","True","False","0","931","","Ed Sheeran — ÷ (Deluxe)","140","0","Playing","Shape of You","Ed Sheeran","C","Shape of You","OK","","OK","音轨 4 Shape of You 3 分钟，54 秒钟","2026-09-25T11:00:42.3513775Z","1790305242352","True",""
"False","False","False","1","True","Paused","Shape of You","1","736","False","2660","False","55","2653","音轨 3 How Do I Make You Love Me? 3 分钟，34 秒钟","deeplink","0","True","False","0","19","True","False","0","937","","Abel Tesfaye — Dawn FM","137","0","Playing","How Do I Make You Love Me?","Abel Tesfaye","A","How Do I Make You Love Me?","OK","","OK","音轨 3 How Do I Make You Love Me? 3 分钟，34 秒钟","2026-09-25T11:00:45.3308624Z","1790305245331","True",""
"False","False","False","1","True","Paused","How Do I Make You Love Me?","1","705","False","2654","False","56","2647","音轨 3 晴天 4 分钟，30 秒钟","deeplink","0","True","False","0","19","True","False","0","964","","周杰伦 — 叶惠美","141","0","Playing","晴天","周杰倫","B","晴天","OK","","OK","音轨 3 晴天 4 分钟，30 秒钟","2026-09-25T11:00:48.3046286Z","1790305248305","True",""
"False","False","False","1","True","Paused","晴天","1","712","False","2631","False","57","2622","音轨 4 Shape of You 3 分钟，54 秒钟","deeplink","0","True","False","0","19","True","False","0","938","","Ed Sheeran — ÷ (Deluxe)","140","0","Playing","Shape of You","Ed Sheeran","C","Shape of You","OK","","OK","音轨 4 Shape of You 3 分钟，54 秒钟","2026-09-25T11:00:51.2546233Z","1790305251255","True",""
"False","False","False","1","True","Paused","Shape of You","1","715","False","2674","False","58","2665","音轨 3 How Do I Make You Love Me? 3 分钟，34 秒钟","deeplink","0","True","False","0","20","True","False","0","976","","Abel Tesfaye — Dawn FM","138","0","Playing","How Do I Make You Love Me?","Abel Tesfaye","A","How Do I Make You Love Me?","OK","","OK","音轨 3 How Do I Make You Love Me? 3 分钟，34 秒钟","2026-09-25T11:00:54.2467742Z","1790305254247","True",""
"False","False","False","1","True","Paused","How Do I Make You Love Me?","1","732","False","2704","False","59","2697","音轨 3 晴天 4 分钟，30 秒钟","deeplink","0","True","False","0","20","True","False","0","982","","周杰伦 — 叶惠美","140","0","Playing","晴天","周杰倫","B","晴天","OK","","OK","音轨 3 晴天 4 分钟，30 秒钟","2026-09-25T11:00:57.2555530Z","1790305257256","True",""
"False","False","False","1","True","Paused","晴天","1","711","False","2629","False","60","2623","音轨 4 Shape of You 3 分钟，54 秒钟","deeplink","0","True","False","0","20","True","False","0","925","","Ed Sheeran — ÷ (Deluxe)","138","0","Playing","Shape of You","Ed Sheeran","C","Shape of You","OK","","OK","音轨 4 Shape of You 3 分钟，54 秒钟","2026-09-25T11:01:00.2051828Z","1790305260205","True",""